{
  "Full2016v9HIPM": {
    "B": 5829.427727,
    "C": 2601.678092,
    "D": 4286.031797,
    "E": 4065.974751,
    "F": 2865.073752,
    "tot": 19648.186119
  },
  "Full2016v9noHIPM": {
    "F": 584.321253,
    "G": 7653.261227,
    "H": 8740.119304,
    "tot": 16977.701784
  },
  "Full2017v9": {
    "B": 4803.371586,
    "C": 9574.029838,
    "D": 4247.792714,
    "E": 9314.581016,
    "F": 13539.905374,
    "tot": 41479.680528
  },
  "Full2018v9": {
    "A": 13961.196586,
    "B": 7028.282918,
    "C": 6872.940971,
    "D": 31698.842045,
    "tot": 59561.26252
  }
}